row|task_id|instance_id|
1|0b62c5d4-a6fe-4083-9123-45e3087c1440|8008c15f-e8f4-4884-bd77-4c16d70f35c8
2|0be01f7a-0c6e-49c3-af20-52f9b97ef728|11a49ea7-0527-456a-b17a-1179799e2abf
3|0e27e906-bd1d-4ecb-957f-f8acb9c51e08|e33a4d6f-6091-4271-a964-fcedd7be8e44
4|14875b88-4d4f-44be-a989-cff2a705958e|0db4fb34-a491-4160-8431-7c7aa6496d86
5|14fe049e-9db4-497a-97c9-507a2c60d55e|51e8c8c0-2687-4e5b-b833-cfa7653bce52
6|158b7ece-5c61-466f-9447-9ab9e43c0b03|d851a161-9bda-4fa8-83ac-10c01e9acba2
7|175397c6-1439-40ab-8b74-8f0e479ef8c5|b104ced1-ce92-436e-84e8-b87d937f0cbd
8|1977dbaa-1d14-4b08-a40b-0090df524371|98b7b3f5-8c73-4afa-8fc6-09347c7330b8
9|229bb30d-7652-40a9-934d-3e14d54e7ab9|fbe8dbbd-d4d8-4573-ad64-bcb9f530a0bf
10|2776ed0f-e34e-4ffc-8884-9720a48a7420|22a64f4e-693e-4232-8c02-caf707ab2d21
11|279dcf3e-77f5-4a1b-8ced-ebdb8bb7e462|a85d1241-c52b-4121-a3fa-f8f24911c0e5
12|29d80dd0-2506-41bc-ad55-40db3359b84c|7977ed9a-167e-431f-9f87-b514ff84ae00
13|2b0a143f-fb9c-4f8e-9606-211e6bcb8171|32fdabfa-4c70-4d0f-8da9-be208db86f8a
14|3b389112-ccb7-4272-853e-8dbe81a1c6c8|3fc4b0bc-ca0a-4121-99b4-fe4f4d97d454
15|42ad8db4-826a-414a-9ad6-b5c9abd93078|c7099ee3-1b60-4d74-8dfa-57cdac5dc56c
16|45974a3d-36dc-409e-9fe4-8cbd0adc3517|0d2fa70e-f439-49b3-9416-695c92ceadc9
17|5718e37a-b1d1-4ec9-a223-7fd262419682|37d0b707-ed8c-4a98-b5f3-6034ff57c79c
18|6242d2f1-f67e-4d56-a856-b9a5f536672f|89c4cde4-f1e7-4044-a73c-eb068c093177
19|681d72b5-e5fb-4895-960c-f5127e10fcac|e6de20b2-5f39-4e6f-b503-44c9314a6434
20|6f4fd860-3339-4de0-9172-d18ac3a6d89f|3f64f555-081b-49df-a8f1-7a2392feb1ce
21|8aa2d6ba-d913-4972-ac2a-0056fc386691|0b2fdb78-4bc0-4c5c-b61d-92fbc4dc0eab
22|8be2d07d-8263-4add-9198-662264777c6c|60d509c1-e768-4041-a7a3-3e62b928bb70
23|9151a1c8-9803-4a89-b6a4-4b6dfa2190cf|16b15335-07fc-4a41-be55-6dd488ccc2e4
24|98d2e0b9-478c-4eec-b40b-82a61e78ba87|2dbce2d1-a127-4246-a862-0bdca24d820d
25|9b30427c-2025-48db-baed-2cff271cd819|ef57b44d-20da-4d2c-9c5b-05f056a8aa61
26|9b7f10f1-60fe-4bbe-968c-9b828cdbeb8f|4220041f-a99e-454b-9801-2d69d8f7f6a0
27|a1c4e8bf-af9a-49c5-9672-5e83c0170b9b|fc4500fb-7855-4047-9b87-9c7a800fbefb
28|b18ec1c0-213c-480c-8c5e-b770e86e8c76|a9877e74-40af-47d5-8f5e-2721f7d693d8
29|b68ad0fe-8cd4-40b1-ad7f-88b43510da75|0c9d5da5-7e9c-44c5-a48d-c1739ce05299
30|bc69c1dc-3ccc-4cef-80ec-ed2a5d931c5e|a6d7e999-f25a-4415-ba58-5b8f4bda5f56
31|c9819826-9891-4b9a-824b-f94f91a6598b|79acabb1-ef63-42a4-814f-6926cede0d88
32|cfb8fa30-c680-4b13-9dd0-d49e4567ff15|3fedab57-3974-4c69-bd74-53fbda23a607
33|d098f836-5e11-4e64-ac4c-55dd100ec323|e2f2aef6-132e-497e-928d-d123a88c44ed
34|d6ac9877-e256-4487-86cc-2bb0b085c804|2d54c177-bbc6-48cc-8474-45404251c1b2
35|d8f661f0-6bcc-4778-8b5e-ed716f425cd8|a260465f-5ca9-4d98-9438-db37fa769e85
36|e070c0de-41d2-42aa-8a7c-c93f98fdc4c4|624affcb-afa1-4219-9cda-ad72ba8a05b6
37|e0cfbef6-1383-463e-ac40-db871e962295|b3d5488a-44a8-4805-bd53-e23e322f52f4
38|e178ca11-ad42-4c2e-811c-cb3c25177dc8|9c9e28ed-f43c-4102-b65a-d3a2a0b05dcf
39|e476f98d-e1e1-4fb7-b8d4-2b0bc832ff69|55ec33dd-cf2d-4089-ac1d-a4a65000517c
40|e5f9684d-4b57-45c7-81e3-0d065f75545b|1127e17d-0072-4c97-88f4-88a8e1e96bcf
41|f36e03d8-3c1a-4223-ad61-8aca0b4546fb|ec744463-62db-4027-b814-ed850f042bdb
42|f5e1c597-c2ad-45f6-aa7c-7b7dee0d3675|41561cd5-30bb-429d-854a-34cdd54c2751
43|f9e0dc04-ac1e-4189-8c58-91a66d561e06|143d154e-c1ac-477a-aec0-38327b9fef2e
44|fa70e65c-16fb-4d03-9041-bcf07cf6ae02|25ad9f42-3d97-4f10-acc6-4a437ea873fa
45|fa9d33b1-09e0-43af-996a-74f9acbee197|baa81eb9-2789-4dfc-bb33-8f86f032fc4f
46|ff0f349b-4812-41ae-8b85-ae6c2899db2c|23b01c2c-93ae-4e6a-b541-c12e3ed4b9e8
